{
	"Description": "VPC",
	"Parameters": {
		"Project": {
			"Description": "Name of Project",
			"Type": "String",
            "Default": "HelloPorter"
		},
		"EnvironmentName": {
			"Description": "Name of Environment",
			"Type": "String",
            "Default": "dev"
		},
		"UseSuffix": {
			"Description": "Use Suffix",
			"Type": "String",
            "Default": "No"
		},
		"VpcCIDR": {
			"Description": "VPC CIDR",
			"Type": "String",
            "Default": "10.0.0.0/16"
		},
		"PublicSubnet1CIDR": {
			"Description": "Public Subnet1 CIDR",
			"Type": "String",
            "Default": "10.0.1.0/24"
		},
		"PublicSubnet2CIDR": {
			"Description": "Public Subnet2 CIDR",
			"Type": "String",
            "Default": "10.0.3.0/24"
		},
		"PrivateSubnet1CIDR": {
			"Description": "Private Subnet1 CIDR",
			"Type": "String",
            "Default": "10.0.2.0/24"
		},
		"PrivateSubnet2CIDR": {
			"Description": "Private Subnet2 CIDR",
			"Type": "String",
            "Default": "10.0.4.0/24"
		}
	},
	"Conditions": {
		"UseSuffix": {
			"Fn::Equals": [
				{
					"Ref": "UseSuffix"
				},
				"Yes"
			]
		}
	},
	"Resources": {
		"VPC": {
			"Type": "AWS::EC2::VPC",
			"Properties": {
				"CidrBlock": {
					"Ref": "VpcCIDR"
				},
				"EnableDnsHostnames": true,
				"EnableDnsSupport": true,
				"Tags": [
					{
						"Key": "Name",
						"Value": {
							"Fn::If": [
								"UseSuffix",
								{
									"Fn::Sub": "VPC-${Project}-${EnvironmentName}"
								},
								"VPC"
							]
						}
					},
					{
						"Key": "Project",
						"Value": {
							"Ref": "Project"
						}
					},
					{
						"Key": "EnvironmentName",
						"Value": {
							"Ref": "EnvironmentName"
						}
					}
				]
			}
		},
		"InternetGateway": {
			"Type": "AWS::EC2::InternetGateway",
			"Properties": {
				"Tags": [
					{
						"Key": "Name",
						"Value": {
							"Fn::If": [
								"UseSuffix",
								{
									"Fn::Sub": "IGTW-${Project}-${EnvironmentName}"
								},
								"IGTW"
							]
						}
					},
					{
						"Key": "Project",
						"Value": {
							"Ref": "Project"
						}
					},
					{
						"Key": "EnvironmentName",
						"Value": {
							"Ref": "EnvironmentName"
						}
					}
				]
			}
		},
		"InternetGatewayAttachment": {
			"Type": "AWS::EC2::VPCGatewayAttachment",
			"Properties": {
				"InternetGatewayId": {
					"Ref": "InternetGateway"
				},
				"VpcId": {
					"Ref": "VPC"
				}
			}
		},
		"PublicSubnet1": {
			"Type": "AWS::EC2::Subnet",
			"Properties": {
				"VpcId": {
					"Ref": "VPC"
				},
				"AvailabilityZone": {
					"Fn::Select": [
						0,
						{
							"Fn::GetAZs": {
								"Ref": "AWS::Region"
							}
						}
					]
				},
				"CidrBlock": {
					"Ref": "PublicSubnet1CIDR"
				},
				"MapPublicIpOnLaunch": true,
				"Tags": [
					{
						"Key": "Name",
						"Value": {
							"Fn::If": [
								"UseSuffix",
								{
									"Fn::Sub": "PublicSubnet(AZ1)-${Project}-${EnvironmentName}"
								},
								"PublicSubnet(AZ1)"
							]
						}
					},
					{
						"Key": "Project",
						"Value": {
							"Ref": "Project"
						}
					},
					{
						"Key": "EnvironmentName",
						"Value": {
							"Ref": "EnvironmentName"
						}
					}
				]
			}
		},
		"PublicSubnet2": {
			"Type": "AWS::EC2::Subnet",
			"Properties": {
				"VpcId": {
					"Ref": "VPC"
				},
				"AvailabilityZone": {
					"Fn::Select": [
						1,
						{
							"Fn::GetAZs": {
								"Ref": "AWS::Region"
							}
						}
					]
				},
				"CidrBlock": {
					"Ref": "PublicSubnet2CIDR"
				},
				"MapPublicIpOnLaunch": true,
				"Tags": [
					{
						"Key": "Name",
						"Value": {
							"Fn::If": [
								"UseSuffix",
								{
									"Fn::Sub": "PublicSubnet(AZ2)-${Project}-${EnvironmentName}"
								},
								"PublicSubnet(AZ2)"
							]
						}
					},
					{
						"Key": "Project",
						"Value": {
							"Ref": "Project"
						}
					},
					{
						"Key": "EnvironmentName",
						"Value": {
							"Ref": "EnvironmentName"
						}
					}
				]
			}
		},
		"PrivateSubnet1": {
			"Type": "AWS::EC2::Subnet",
			"Properties": {
				"VpcId": {
					"Ref": "VPC"
				},
				"AvailabilityZone": {
					"Fn::Select": [
						0,
						{
							"Fn::GetAZs": {
								"Ref": "AWS::Region"
							}
						}
					]
				},
				"CidrBlock": {
					"Ref": "PrivateSubnet1CIDR"
				},
				"MapPublicIpOnLaunch": false,
				"Tags": [
					{
						"Key": "Name",
						"Value": {
							"Fn::If": [
								"UseSuffix",
								{
									"Fn::Sub": "PrivateSubnet(AZ1)-${Project}-${EnvironmentName}"
								},
								"PrivateSubnet(AZ1)"
							]
						}
					},
					{
						"Key": "Project",
						"Value": {
							"Ref": "Project"
						}
					},
					{
						"Key": "EnvironmentName",
						"Value": {
							"Ref": "EnvironmentName"
						}
					}
				]
			}
		},
		"PrivateSubnet2": {
			"Type": "AWS::EC2::Subnet",
			"Properties": {
				"VpcId": {
					"Ref": "VPC"
				},
				"AvailabilityZone": {
					"Fn::Select": [
						1,
						{
							"Fn::GetAZs": {
								"Ref": "AWS::Region"
							}
						}
					]
				},
				"CidrBlock": {
					"Ref": "PrivateSubnet2CIDR"
				},
				"MapPublicIpOnLaunch": false,
				"Tags": [
					{
						"Key": "Name",
						"Value": {
							"Fn::If": [
								"UseSuffix",
								{
									"Fn::Sub": "PrivateSubnet(AZ2)-${Project}-${EnvironmentName}"
								},
								"PrivateSubnet(AZ2)"
							]
						}
					},
					{
						"Key": "Project",
						"Value": {
							"Ref": "Project"
						}
					},
					{
						"Key": "EnvironmentName",
						"Value": {
							"Ref": "EnvironmentName"
						}
					}
				]
			}
		},
		"NatGateway1EIP": {
			"Type": "AWS::EC2::EIP",
			"DependsOn": "InternetGatewayAttachment",
			"Properties": {
				"Domain": "vpc",
				"Tags": [
					{
						"Key": "Project",
						"Value": {
							"Ref": "Project"
						}
					},
					{
						"Key": "EnvironmentName",
						"Value": {
							"Ref": "EnvironmentName"
						}
					}
				]
			}
		},
		"NatGateway1": {
			"Type": "AWS::EC2::NatGateway",
			"Properties": {
				"AllocationId": {
					"Fn::GetAtt": [
						"NatGateway1EIP",
						"AllocationId"
					]
				},
				"SubnetId": {
					"Ref": "PublicSubnet1"
				},
				"Tags": [
					{
						"Key": "Project",
						"Value": {
							"Ref": "Project"
						}
					},
					{
						"Key": "EnvironmentName",
						"Value": {
							"Ref": "EnvironmentName"
						}
					}
				]
			}
		},
		"PublicRouteTable": {
			"Type": "AWS::EC2::RouteTable",
			"Properties": {
				"VpcId": {
					"Ref": "VPC"
				},
				"Tags": [
					{
						"Key": "Name",
						"Value": {
							"Fn::If": [
								"UseSuffix",
								{
									"Fn::Sub": "PublicRoutes-${Project}-${EnvironmentName}"
								},
								"PublicRoutes"
							]
						}
					},
					{
						"Key": "Project",
						"Value": {
							"Ref": "Project"
						}
					},
					{
						"Key": "EnvironmentName",
						"Value": {
							"Ref": "EnvironmentName"
						}
					}
				]
			}
		},
		"DefaultPublicRoute": {
			"Type": "AWS::EC2::Route",
			"DependsOn": "InternetGatewayAttachment",
			"Properties": {
				"RouteTableId": {
					"Ref": "PublicRouteTable"
				},
				"DestinationCidrBlock": "0.0.0.0/0",
				"GatewayId": {
					"Ref": "InternetGateway"
				}
			}
		},
		"PublicSubnet1RouteTableAssociation": {
			"Type": "AWS::EC2::SubnetRouteTableAssociation",
			"Properties": {
				"RouteTableId": {
					"Ref": "PublicRouteTable"
				},
				"SubnetId": {
					"Ref": "PublicSubnet1"
				}
			}
		},
		"PublicSubnet2RouteTableAssociation": {
			"Type": "AWS::EC2::SubnetRouteTableAssociation",
			"Properties": {
				"RouteTableId": {
					"Ref": "PublicRouteTable"
				},
				"SubnetId": {
					"Ref": "PublicSubnet2"
				}
			}
		},
		"PrivateRouteTable1": {
			"Type": "AWS::EC2::RouteTable",
			"Properties": {
				"VpcId": {
					"Ref": "VPC"
				},
				"Tags": [
					{
						"Key": "Name",
						"Value": {
							"Fn::If": [
								"UseSuffix",
								{
									"Fn::Sub": "PrivateRoutes(AZ1)-${Project}-${EnvironmentName}"
								},
								"PrivateRoutes(AZ1)"
							]
						}
					},
					{
						"Key": "Project",
						"Value": {
							"Ref": "Project"
						}
					},
					{
						"Key": "EnvironmentName",
						"Value": {
							"Ref": "EnvironmentName"
						}
					}
				]
			}
		},
		"DefaultPrivateRoute1": {
			"Type": "AWS::EC2::Route",
			"Properties": {
				"RouteTableId": {
					"Ref": "PrivateRouteTable1"
				},
				"DestinationCidrBlock": "0.0.0.0/0",
				"NatGatewayId": {
					"Ref": "NatGateway1"
				}
			}
		},
		"PrivateSubnet1RouteTableAssociation": {
			"Type": "AWS::EC2::SubnetRouteTableAssociation",
			"Properties": {
				"RouteTableId": {
					"Ref": "PrivateRouteTable1"
				},
				"SubnetId": {
					"Ref": "PrivateSubnet1"
				}
			}
		},
		"PrivateRouteTable2": {
			"Type": "AWS::EC2::RouteTable",
			"Properties": {
				"VpcId": {
					"Ref": "VPC"
				},
				"Tags": [
					{
						"Key": "Name",
						"Value": {
							"Fn::If": [
								"UseSuffix",
								{
									"Fn::Sub": "PrivateRoutes(AZ2)-${Project}-${EnvironmentName}"
								},
								"PrivateRoutes(AZ2)"
							]
						}
					},
					{
						"Key": "Project",
						"Value": {
							"Ref": "Project"
						}
					},
					{
						"Key": "EnvironmentName",
						"Value": {
							"Ref": "EnvironmentName"
						}
					}
				]
			}
		},
		"DefaultPrivateRoute2": {
			"Type": "AWS::EC2::Route",
			"Properties": {
				"RouteTableId": {
					"Ref": "PrivateRouteTable2"
				},
				"DestinationCidrBlock": "0.0.0.0/0",
				"NatGatewayId": {
					"Ref": "NatGateway1"
				}
			}
		},
		"PrivateSubnet2RouteTableAssociation": {
			"Type": "AWS::EC2::SubnetRouteTableAssociation",
			"Properties": {
				"RouteTableId": {
					"Ref": "PrivateRouteTable2"
				},
				"SubnetId": {
					"Ref": "PrivateSubnet2"
				}
			}
		},
		"PublicNetworkACL": {
			"Type": "AWS::EC2::NetworkAcl",
			"Properties": {
				"VpcId": {
					"Ref": "VPC"
				},
				"Tags": [
					{
						"Key": "Name",
						"Value": {
							"Fn::If": [
								"UseSuffix",
								{
									"Fn::Sub": "PublicNetworkACL-${Project}-${EnvironmentName}"
								},
								"PublicNetworkACL"
							]
						}
					},
					{
						"Key": "Project",
						"Value": {
							"Ref": "Project"
						}
					},
					{
						"Key": "EnvironmentName",
						"Value": {
							"Ref": "EnvironmentName"
						}
					}
				]
			}
		},
		"PublicSubnet1NetworkACLAssoc": {
			"Type": "AWS::EC2::SubnetNetworkAclAssociation",
			"Properties": {
				"SubnetId": {
					"Ref": "PublicSubnet1"
				},
				"NetworkAclId": {
					"Ref": "PublicNetworkACL"
				}
			}
		},
		"PublicSubnet2NetworkACLAssoc": {
			"Type": "AWS::EC2::SubnetNetworkAclAssociation",
			"Properties": {
				"SubnetId": {
					"Ref": "PublicSubnet2"
				},
				"NetworkAclId": {
					"Ref": "PublicNetworkACL"
				}
			}
		},
		"PublicNetworkACLEntry1": {
			"Type": "AWS::EC2::NetworkAclEntry",
			"Properties": {
				"RuleNumber": 100,
				"Protocol": "6",
				"PortRange": {
					"To": 80,
					"From": 80
				},
				"Egress": true,
				"RuleAction": "allow",
				"CidrBlock": "0.0.0.0\/0",
				"NetworkAclId": {
					"Ref": "PublicNetworkACL"
				}
			}
		},
		"PublicNetworkACLEntry2": {
			"Type": "AWS::EC2::NetworkAclEntry",
			"Properties": {
				"RuleNumber": 101,
				"Protocol": "6",
				"PortRange": {
					"To": 443,
					"From": 443
				},
				"Egress": true,
				"RuleAction": "allow",
				"CidrBlock": "0.0.0.0\/0",
				"NetworkAclId": {
					"Ref": "PublicNetworkACL"
				}
			}
		},
		"PublicNetworkACLEntry4": {
			"Type": "AWS::EC2::NetworkAclEntry",
			"Properties": {
				"RuleNumber": 103,
				"Protocol": "6",
				"PortRange": {
					"To": 65535,
					"From": 1024
				},
				"Egress": true,
				"RuleAction": "allow",
				"CidrBlock": "0.0.0.0\/0",
				"NetworkAclId": {
					"Ref": "PublicNetworkACL"
				}
			}
		},
		"PublicNetworkACLEntry5": {
			"Type": "AWS::EC2::NetworkAclEntry",
			"Properties": {
				"RuleNumber": 104,
				"Protocol": "6",
				"PortRange": {
					"To": 22,
					"From": 22
				},
				"Egress": true,
				"RuleAction": "allow",
				"CidrBlock": "0.0.0.0\/0",
				"NetworkAclId": {
					"Ref": "PublicNetworkACL"
				}
			}
		},
		"PublicNetworkACLEntry6": {
			"Type": "AWS::EC2::NetworkAclEntry",
			"Properties": {
				"RuleNumber": 32766,
				"Protocol": "-1",
				"Egress": true,
				"CidrBlock": "0.0.0.0\/0",
				"RuleAction": "deny",
				"NetworkAclId": {
					"Ref": "PublicNetworkACL"
				}
			}
		},
		"PublicNetworkACLEntry7": {
			"Type": "AWS::EC2::NetworkAclEntry",
			"Properties": {
				"RuleNumber": 100,
				"Protocol": "6",
				"PortRange": {
					"To": 80,
					"From": 80
				},
				"Egress": false,
				"RuleAction": "allow",
				"CidrBlock": "0.0.0.0\/0",
				"NetworkAclId": {
					"Ref": "PublicNetworkACL"
				}
			}
		},
		"PublicNetworkACLEntry8": {
			"Type": "AWS::EC2::NetworkAclEntry",
			"Properties": {
				"RuleNumber": 101,
				"Protocol": "6",
				"PortRange": {
					"To": 443,
					"From": 443
				},
				"Egress": false,
				"RuleAction": "allow",
				"CidrBlock": "0.0.0.0\/0",
				"NetworkAclId": {
					"Ref": "PublicNetworkACL"
				}
			}
		},
		"PublicNetworkACLEntry9": {
			"Type": "AWS::EC2::NetworkAclEntry",
			"Properties": {
				"RuleNumber": 102,
				"Protocol": "6",
				"PortRange": {
					"To": 22,
					"From": 22
				},
				"Egress": false,
				"RuleAction": "allow",
				"CidrBlock": "0.0.0.0\/0",
				"NetworkAclId": {
					"Ref": "PublicNetworkACL"
				}
			}
		},
		"PublicNetworkACLEntry10": {
			"Type": "AWS::EC2::NetworkAclEntry",
			"Properties": {
				"RuleNumber": 103,
				"Protocol": "6",
				"PortRange": {
					"To": 65535,
					"From": 1024
				},
				"Egress": false,
				"RuleAction": "allow",
				"CidrBlock": "0.0.0.0\/0",
				"NetworkAclId": {
					"Ref": "PublicNetworkACL"
				}
			}
		},
		"PublicNetworkACLEntry11": {
			"Type": "AWS::EC2::NetworkAclEntry",
			"Properties": {
				"RuleNumber": 32766,
				"Protocol": "-1",
				"Egress": false,
				"CidrBlock": "0.0.0.0\/0",
				"RuleAction": "deny",
				"NetworkAclId": {
					"Ref": "PublicNetworkACL"
				}
			}
		},
		"InfraNotifications": {
			"Type": "AWS::SNS::Topic",
			"Properties": {
				"DisplayName": {
					"Fn::If": [
						"UseSuffix",
						{
							"Fn::Sub": "InfraNotifications-${Project}-${EnvironmentName}"
						},
						"InfraNotifications"
					]
				},
				"TopicName": {
					"Fn::If": [
						"UseSuffix",
						{
							"Fn::Sub": "InfraNotifications-${Project}-${EnvironmentName}"
						},
						"InfraNotifications"
					]
				},
				"Tags": [
					{
						"Key": "Project",
						"Value": {
							"Ref": "Project"
						}
					},
					{
						"Key": "EnvironmentName",
						"Value": {
							"Ref": "EnvironmentName"
						}
					}
				]
			}
		}
	},
	"Outputs": {
		"VPC": {
			"Value": {
				"Ref": "VPC"
			}
		},
		"PublicSubnets": {
			"Value": {
				"Fn::Join": [
					",",
					[
						{
							"Ref": "PublicSubnet1"
						},
						{
							"Ref": "PublicSubnet2"
						}
					]
				]
			}
		},
		"PrivateSubnets": {
			"Value": {
				"Fn::Join": [
					",",
					[
						{
							"Ref": "PrivateSubnet1"
						},
						{
							"Ref": "PrivateSubnet2"
						}
					]
				]
			}
		},
		"PublicSubnet1": {
			"Value": {
				"Ref": "PublicSubnet1"
			}
		},
		"PublicSubnet2": {
			"Value": {
				"Ref": "PublicSubnet2"
			}
		},
		"PrivateSubnet1": {
			"Value": {
				"Ref": "PrivateSubnet1"
			}
		},
		"PrivateSubnet2": {
			"Value": {
				"Ref": "PrivateSubnet2"
			}
		},
		"InfraNotifications": {
			"Value": {
				"Ref": "InfraNotifications"
			}
		}
	}
}